Factor,F,P,R2,sig
Drought,25.650940101790955,0.024,0.5618929214731468,*
Plant,28.268748993162603,0.005,0.5856532349153475,**
Soil_type,104.87410557638472,0.001,0.7189357231154985,**
